InDel,ID,Acronym,Hemisphere,red,green,blue,st_level
0,997,brain,,255,255,255,0
1,8,grey,,191,218,227,1
2,567,CH,,176,240,255,2
3,688,CTX,,176,255,184,3
4,695,CTXpl,,112,255,112,4
5,315,Isocortex,,112,255,113,5
6,184,FRP,,38,143,69,8
7,68,FRP1,,38,143,69,11
8,667,FRP2/3,,38,143,69,11
9,526157192,FRP5,,38,143,69,11
10,526157196,FRP6a,,38,143,69,11
11,526322264,FRP6b,,38,143,69,11
12,500,MO,,31,157,90,6
13,107,MO1,,31,157,90,11
14,219,MO2/3,,31,157,90,11
15,299,MO5,,31,157,90,11
16,644,MO6a,,31,157,90,11
17,947,MO6b,,31,157,90,11
18,985,MOp,,31,157,90,8
19,320,MOp1,,31,157,90,11
20,943,MOp2/3,,31,157,90,11
21,648,MOp5,,31,157,90,11
22,844,MOp6a,,31,157,90,11
23,882,MOp6b,,31,157,90,11
24,993,MOs,,31,157,90,8
25,656,MOs1,,31,157,90,11
26,962,MOs2/3,,31,157,90,11
27,767,MOs5,,31,157,90,11
28,1021,MOs6a,,31,157,90,11
29,1085,MOs6b,,31,157,90,11
30,453,SS,,24,128,100,6
31,12993,SS1,,24,128,100,11
32,12994,SS2/3,,24,128,100,11
33,12995,SS4,,24,128,100,11
34,12996,SS5,,24,128,100,11
35,12997,SS6a,,24,128,100,11
36,12998,SS6b,,24,128,100,11
37,322,SSp,,24,128,100,8
38,793,SSp1,,24,128,100,11
39,346,SSp2/3,,24,128,100,11
40,865,SSp4,,24,128,100,11
41,921,SSp5,,24,128,100,11
42,686,SSp6a,,24,128,100,11
43,719,SSp6b,,24,128,100,11
44,353,SSp-n,,24,128,100,9
45,558,SSp-n1,,24,128,100,11
46,838,SSp-n2/3,,24,128,100,11
47,654,SSp-n4,,24,128,100,11
48,702,SSp-n5,,24,128,100,11
49,889,SSp-n6a,,24,128,100,11
50,929,SSp-n6b,,24,128,100,11
51,329,SSp-bfd,,24,128,100,9
52,981,SSp-bfd1,,24,128,100,11
53,201,SSp-bfd2/3,,24,128,100,11
54,1047,SSp-bfd4,,24,128,100,11
55,1070,SSp-bfd5,,24,128,100,11
56,1038,SSp-bfd6a,,24,128,100,11
57,1062,SSp-bfd6b,,24,128,100,11
58,480149202,VISrll,,24,128,100,10
59,480149206,VISrll1,,24,128,100,11
60,480149210,VISrll2/3,,24,128,100,11
61,480149214,VISrll4,,24,128,100,11
62,480149218,VISrll5,,24,128,100,11
63,480149222,VISrll6a,,24,128,100,11
64,480149226,VISrll6b,,24,128,100,11
65,337,SSp-ll,,24,128,100,9
66,1030,SSp-ll1,,24,128,100,11
67,113,SSp-ll2/3,,24,128,100,11
68,1094,SSp-ll4,,24,128,100,11
69,1128,SSp-ll5,,24,128,100,11
70,478,SSp-ll6a,,24,128,100,11
71,510,SSp-ll6b,,24,128,100,11
72,345,SSp-m,,24,128,100,9
73,878,SSp-m1,,24,128,100,11
74,657,SSp-m2/3,,24,128,100,11
75,950,SSp-m4,,24,128,100,11
76,974,SSp-m5,,24,128,100,11
77,1102,SSp-m6a,,24,128,100,11
78,2,SSp-m6b,,24,128,100,11
79,369,SSp-ul,,24,128,100,9
80,450,SSp-ul1,,24,128,100,11
81,854,SSp-ul2/3,,24,128,100,11
82,577,SSp-ul4,,24,128,100,11
83,625,SSp-ul5,,24,128,100,11
84,945,SSp-ul6a,,24,128,100,11
85,1026,SSp-ul6b,,24,128,100,11
86,361,SSp-tr,,24,128,100,9
87,1006,SSp-tr1,,24,128,100,11
88,670,SSp-tr2/3,,24,128,100,11
89,1086,SSp-tr4,,24,128,100,11
90,1111,SSp-tr5,,24,128,100,11
91,9,SSp-tr6a,,24,128,100,11
92,461,SSp-tr6b,,24,128,100,11
93,182305689,SSp-un,,24,128,100,9
94,182305693,SSp-un1,,24,128,100,11
95,182305697,SSp-un2/3,,24,128,100,11
96,182305701,SSp-un4,,24,128,100,11
97,182305705,SSp-un5,,24,128,100,11
98,182305709,SSp-un6a,,24,128,100,11
99,182305713,SSp-un6b,,24,128,100,11
100,378,SSs,,24,128,100,8
101,873,SSs1,,24,128,100,11
102,806,SSs2/3,,24,128,100,11
103,1035,SSs4,,24,128,100,11
104,1090,SSs5,,24,128,100,11
105,862,SSs6a,,24,128,100,11
106,893,SSs6b,,24,128,100,11
107,1057,GU,,0,156,117,6
108,36,GU1,,0,156,117,11
109,180,GU2/3,,0,156,117,11
110,148,GU4,,0,156,117,11
111,187,GU5,,0,156,117,11
112,638,GU6a,,0,156,117,11
113,662,GU6b,,0,156,117,11
114,677,VISC,,17,173,131,8
115,897,VISC1,,17,173,131,11
116,1106,VISC2/3,,17,173,131,11
117,1010,VISC4,,17,173,131,11
118,1058,VISC5,,17,173,131,11
119,857,VISC6a,,17,173,131,11
120,849,VISC6b,,17,173,131,11
121,247,AUD,,1,147,153,6
122,1011,AUDd,,1,147,153,8
123,527,AUDd1,,1,147,153,11
124,600,AUDd2/3,,1,147,153,11
125,678,AUDd4,,1,147,153,11
126,252,AUDd5,,1,147,153,11
127,156,AUDd6a,,1,147,153,11
128,243,AUDd6b,,1,147,153,11
129,480149230,VISlla,,1,147,153,10
130,480149234,VISlla1,,1,147,153,11
131,480149238,VISlla2/3,,1,147,153,11
132,480149242,VISlla4,,1,147,153,11
133,480149246,VISlla5,,1,147,153,11
134,480149250,VISlla6a,,1,147,153,11
135,480149254,VISlla6b,,1,147,153,11
136,1002,AUDp,,1,147,153,8
137,735,AUDp1,,1,147,153,11
138,251,AUDp2/3,,1,147,153,11
139,816,AUDp4,,1,147,153,11
140,847,AUDp5,,1,147,153,11
141,954,AUDp6a,,1,147,153,11
142,1005,AUDp6b,,1,147,153,11
143,1027,AUDpo,,1,147,153,8
144,696,AUDpo1,,1,147,153,11
145,643,AUDpo2/3,,1,147,153,11
146,759,AUDpo4,,1,147,153,11
147,791,AUDpo5,,1,147,153,11
148,249,AUDpo6a,,1,147,153,11
149,456,AUDpo6b,,1,147,153,11
150,1018,AUDv,,1,147,153,8
151,959,AUDv1,,1,147,153,11
152,755,AUDv2/3,,1,147,153,11
153,990,AUDv4,,1,147,153,11
154,1023,AUDv5,,1,147,153,11
155,520,AUDv6a,,1,147,153,11
156,598,AUDv6b,,1,147,153,11
157,669,VIS,,8,133,140,6
158,801,VIS1,,8,133,140,11
159,561,VIS2/3,,8,133,140,11
160,913,VIS4,,8,133,140,11
161,937,VIS5,,8,133,140,11
162,457,VIS6a,,8,133,140,11
163,497,VIS6b,,8,133,140,11
164,402,VISal,,8,133,140,8
165,1074,VISal1,,8,133,140,11
166,905,VISal2/3,,8,133,140,11
167,1114,VISal4,,8,133,140,11
168,233,VISal5,,8,133,140,11
169,601,VISal6a,,8,133,140,11
170,649,VISal6b,,8,133,140,11
171,394,VISam,,8,133,140,8
172,281,VISam1,,8,133,140,11
173,1066,VISam2/3,,8,133,140,11
174,401,VISam4,,8,133,140,11
175,433,VISam5,,8,133,140,11
176,1046,VISam6a,,8,133,140,11
177,441,VISam6b,,8,133,140,11
178,409,VISl,,8,133,140,8
179,421,VISl1,,8,133,140,11
180,973,VISl2/3,,8,133,140,11
181,573,VISl4,,8,133,140,11
182,613,VISl5,,8,133,140,11
183,74,VISl6a,,8,133,140,11
184,121,VISl6b,,8,133,140,11
185,385,VISp,,8,133,140,8
186,593,VISp1,,8,133,140,11
187,821,VISp2/3,,8,133,140,11
188,721,VISp4,,8,133,140,11
189,778,VISp5,,8,133,140,11
190,33,VISp6a,,8,133,140,11
191,305,VISp6b,,8,133,140,11
192,425,VISpl,,8,133,140,8
193,750,VISpl1,,8,133,140,11
194,269,VISpl2/3,,8,133,140,11
195,869,VISpl4,,8,133,140,11
196,902,VISpl5,,8,133,140,11
197,377,VISpl6a,,8,133,140,11
198,393,VISpl6b,,8,133,140,11
199,533,VISpm,,8,133,140,8
200,805,VISpm1,,8,133,140,11
201,41,VISpm2/3,,8,133,140,11
202,501,VISpm4,,8,133,140,11
203,565,VISpm5,,8,133,140,11
204,257,VISpm6a,,8,133,140,11
205,469,VISpm6b,,8,133,140,11
206,312782574,VISli,,8,133,140,8
207,312782578,VISli1,,8,133,140,11
208,312782582,VISli2/3,,8,133,140,11
209,312782586,VISli4,,8,133,140,11
210,312782590,VISli5,,8,133,140,11
211,312782594,VISli6a,,8,133,140,11
212,312782598,VISli6b,,8,133,140,11
213,312782628,VISpor,,8,133,140,8
214,312782632,VISpor1,,8,133,140,11
215,312782636,VISpor2/3,,8,133,140,11
216,312782640,VISpor4,,8,133,140,11
217,312782644,VISpor5,,8,133,140,11
218,312782648,VISpor6a,,8,133,140,11
219,312782652,VISpor6b,,8,133,140,11
220,31,ACA,,64,166,102,8
221,572,ACA1,,64,166,102,11
222,1053,ACA2/3,,64,166,102,11
223,739,ACA5,,64,166,102,11
224,179,ACA6a,,64,166,102,11
225,227,ACA6b,,64,166,102,11
226,39,ACAd,,64,166,102,9
227,935,ACAd1,,64,166,102,11
228,211,ACAd2/3,,64,166,102,11
229,1015,ACAd5,,64,166,102,11
230,919,ACAd6a,,64,166,102,11
231,927,ACAd6b,,64,166,102,11
232,48,ACAv,,64,166,102,9
233,588,ACAv1,,64,166,102,11
234,296,ACAv2/3,,64,166,102,11
235,772,ACAv5,,64,166,102,11
236,810,ACAv6a,,64,166,102,11
237,819,ACAv6b,,64,166,102,11
238,972,PL,,47,168,80,8
239,171,PL1,,47,168,80,11
240,195,PL2,,47,168,80,11
241,304,PL2/3,,47,168,80,11
242,363,PL5,,47,168,80,11
243,84,PL6a,,47,168,80,11
244,132,PL6b,,47,168,80,11
245,44,ILA,,89,179,99,8
246,707,ILA1,,89,179,99,11
247,747,ILA2,,89,179,99,11
248,556,ILA2/3,,89,179,99,11
249,827,ILA5,,89,179,99,11
250,1054,ILA6a,,89,179,99,11
251,1081,ILA6b,,89,179,99,11
252,714,ORB,,36,138,94,8
253,264,ORB1,,36,138,94,11
254,492,ORB2/3,,36,138,94,11
255,352,ORB5,,36,138,94,11
256,476,ORB6a,,36,138,94,11
257,516,ORB6b,,36,138,94,11
258,723,ORBl,,36,138,94,9
259,448,ORBl1,,36,138,94,11
260,412,ORBl2/3,,36,138,94,11
261,630,ORBl5,,36,138,94,11
262,440,ORBl6a,,36,138,94,11
263,488,ORBl6b,,36,138,94,11
264,731,ORBm,,36,138,94,9
265,484,ORBm1,,36,138,94,11
266,524,ORBm2,,36,138,94,11
267,582,ORBm2/3,,36,138,94,11
268,620,ORBm5,,36,138,94,11
269,910,ORBm6a,,36,138,94,11
270,527696977,ORBm6b,,36,138,94,11
271,738,ORBv,,36,138,94,9
272,746,ORBvl,,36,138,94,9
273,969,ORBvl1,,36,138,94,11
274,288,ORBvl2/3,,36,138,94,11
275,1125,ORBvl5,,36,138,94,11
276,608,ORBvl6a,,36,138,94,11
277,680,ORBvl6b,,36,138,94,11
278,95,AI,,33,152,102,8
279,104,AId,,33,152,102,9
280,996,AId1,,33,152,102,11
281,328,AId2/3,,33,152,102,11
282,1101,AId5,,33,152,102,11
283,783,AId6a,,33,152,102,11
284,831,AId6b,,33,152,102,11
285,111,AIp,,33,152,102,9
286,120,AIp1,,33,152,102,11
287,163,AIp2/3,,33,152,102,11
288,344,AIp5,,33,152,102,11
289,314,AIp6a,,33,152,102,11
290,355,AIp6b,,33,152,102,11
291,119,AIv,,33,152,102,9
292,704,AIv1,,33,152,102,11
293,694,AIv2/3,,33,152,102,11
294,800,AIv5,,33,152,102,11
295,675,AIv6a,,33,152,102,11
296,699,AIv6b,,33,152,102,11
297,254,RSP,,26,166,152,8
298,894,RSPagl,,26,166,152,9
299,671,RSPagl1,,26,166,152,11
300,965,RSPagl2/3,,26,166,152,11
301,774,RSPagl5,,26,166,152,11
302,906,RSPagl6a,,26,166,152,11
303,279,RSPagl6b,,26,166,152,11
304,480149258,VISmma,,26,166,152,10
305,480149262,VISmma1,,26,166,152,11
306,480149266,VISmma2/3,,26,166,152,11
307,480149270,VISmma4,,26,166,152,11
308,480149274,VISmma5,,26,166,152,11
309,480149278,VISmma6a,,26,166,152,11
310,480149282,VISmma6b,,26,166,152,11
311,480149286,VISmmp,,26,166,152,10
312,480149290,VISmmp1,,26,166,152,11
313,480149294,VISmmp2/3,,26,166,152,11
314,480149298,VISmmp4,,26,166,152,11
315,480149302,VISmmp5,,26,166,152,11
316,480149306,VISmmp6a,,26,166,152,11
317,480149310,VISmmp6b,,26,166,152,11
318,480149314,VISm,,26,166,152,10
319,480149318,VISm1,,26,166,152,11
320,480149322,VISm2/3,,26,166,152,11
321,480149326,VISm4,,26,166,152,11
322,480149330,VISm5,,26,166,152,11
323,480149334,VISm6a,,26,166,152,11
324,480149338,VISm6b,,26,166,152,11
325,879,RSPd,,26,166,152,9
326,442,RSPd1,,26,166,152,11
327,434,RSPd2/3,,26,166,152,11
328,545,RSPd4,,26,166,152,11
329,610,RSPd5,,26,166,152,11
330,274,RSPd6a,,26,166,152,11
331,330,RSPd6b,,26,166,152,11
332,886,RSPv,,26,166,152,9
333,542,RSPv1,,26,166,152,11
334,606,RSPv2,,26,166,152,11
335,430,RSPv2/3,,26,166,152,11
336,687,RSPv5,,26,166,152,11
337,590,RSPv6a,,26,166,152,11
338,622,RSPv6b,,26,166,152,11
339,22,PTLp,,0,159,172,6
340,532,PTLp1,,0,159,172,11
341,241,PTLp2/3,,0,159,172,11
342,635,PTLp4,,0,159,172,11
343,683,PTLp5,,0,159,172,11
344,308,PTLp6a,,0,159,172,11
345,340,PTLp6b,,0,159,172,11
346,312782546,VISa,,0,159,172,8
347,312782550,VISa1,,0,159,172,11
348,312782554,VISa2/3,,0,159,172,11
349,312782558,VISa4,,0,159,172,11
350,312782562,VISa5,,0,159,172,11
351,312782566,VISa6a,,0,159,172,11
352,312782570,VISa6b,,0,159,172,11
353,417,VISrl,,0,159,172,8
354,312782604,VISrl1,,0,159,172,11
355,312782608,VISrl2/3,,0,159,172,11
356,312782612,VISrl4,,0,159,172,11
357,312782616,VISrl5,,0,159,172,11
358,312782620,VISrl6a,,0,159,172,11
359,312782624,VISrl6b,,0,159,172,11
360,541,TEa,,21,176,179,6
361,97,TEa1,,21,176,179,11
362,1127,TEa2/3,,21,176,179,11
363,234,TEa4,,21,176,179,11
364,289,TEa5,,21,176,179,11
365,729,TEa6a,,21,176,179,11
366,786,TEa6b,,21,176,179,11
367,922,PERI,,14,150,132,8
368,540,PERI1,,14,150,132,11
369,888,PERI2/3,,14,150,132,11
370,692,PERI5,,14,150,132,11
371,335,PERI6a,,14,150,132,11
372,368,PERI6b,,14,150,132,11
373,895,ECT,,13,159,145,8
374,836,ECT1,,13,159,145,11
375,427,ECT2/3,,13,159,145,11
376,988,ECT5,,13,159,145,11
377,977,ECT6a,,13,159,145,11
378,1045,ECT6b,,13,159,145,11
379,698,OLF,,154,210,189,5
380,507,MOB,,154,210,189,8
381,212,MOBgl,,130,199,174,11
382,220,MOBgr,,130,199,174,11
383,228,MOBipl,,154,210,189,11
384,236,MOBmi,,130,199,174,11
385,244,MOBopl,,154,210,189,11
386,151,AOB,,157,240,210,8
387,188,AOBgl,,157,240,210,11
388,196,AOBgr,,149,228,200,11
389,204,AOBmi,,157,240,210,11
390,159,AON,,84,191,148,8
391,167,AONd,,84,191,148,9
392,175,AONe,,84,191,148,9
393,183,AONl,,84,191,148,9
394,191,AONm,,84,191,148,9
395,199,AONpv,,84,191,148,9
396,160,AON1,,84,191,148,11
397,168,AON2,,84,191,148,11
398,589,TT,,98,208,159,8
399,597,TTd,,98,208,159,9
400,297,TTd1-4,,98,208,159,11
401,1034,TTd1,,98,208,159,11
402,1042,TTd2,,98,208,159,11
403,1050,TTd3,,98,208,159,11
404,1059,TTd4,,98,208,159,11
405,605,TTv,,98,208,159,9
406,306,TTv1-3,,98,208,159,11
407,1067,TTv1,,98,208,159,11
408,1075,TTv2,,98,208,159,11
409,1082,TTv3,,98,208,159,11
410,814,DP,,164,218,164,8
411,496,DP1,,164,218,164,11
412,535,DP2,,164,218,164,11
413,360,DP2/3,,164,218,164,11
414,646,DP5,,164,218,164,11
415,267,DP6a,,164,218,164,11
416,961,PIR,,106,203,186,8
417,152,PIR1-3,,106,203,186,11
418,276,PIR1,,106,203,186,11
419,284,PIR2,,106,203,186,11
420,291,PIR3,,106,203,186,11
421,619,NLOT,,149,228,200,8
422,392,NLOT1-3,,149,228,200,11
423,260,NLOT1,,149,228,200,11
424,268,NLOT2,,149,228,200,11
425,1139,NLOT3,,149,228,200,11
426,631,COA,,97,231,183,8
427,639,COAa,,97,231,183,9
428,192,COAa1,,97,231,183,11
429,200,COAa2,,97,231,183,11
430,208,COAa3,,97,231,183,11
431,647,COAp,,97,231,183,9
432,655,COApl,,97,231,183,10
433,584,COApl1-2,,97,231,183,11
434,376,COApl1-3,,97,231,183,11
435,216,COApl1,,97,231,183,11
436,224,COApl2,,97,231,183,11
437,232,COApl3,,97,231,183,11
438,663,COApm,,97,231,183,10
439,592,COApm1-2,,97,231,183,11
440,383,COApm1-3,,97,231,183,11
441,240,COApm1,,97,231,183,11
442,248,COApm2,,97,231,183,11
443,256,COApm3,,97,231,183,11
444,788,PAA,,89,218,171,8
445,400,PAA1-3,,89,218,171,11
446,408,PAA1,,89,218,171,11
447,416,PAA2,,89,218,171,11
448,424,PAA3,,89,218,171,11
449,566,TR,,168,236,211,8
450,517,TR1-3,,168,236,211,11
451,1140,TR1,,168,236,211,11
452,1141,TR2,,168,236,211,11
453,1142,TR3,,168,236,211,11
454,1089,HPF,,126,208,75,5
455,1080,HIP,,126,208,75,6
456,375,CA,,126,208,75,8
457,382,CA1,,126,208,75,9
458,391,CA1slm,,126,208,75,11
459,399,CA1so,,126,208,75,11
460,407,CA1sp,,102,168,61,11
461,415,CA1sr,,126,208,75,11
462,423,CA2,,126,208,75,9
463,431,CA2slm,,126,208,75,11
464,438,CA2so,,126,208,75,11
465,446,CA2sp,,102,168,61,11
466,454,CA2sr,,126,208,75,11
467,463,CA3,,126,208,75,9
468,471,CA3slm,,126,208,75,11
469,479,CA3slu,,126,208,75,11
470,486,CA3so,,126,208,75,11
471,495,CA3sp,,102,168,61,11
472,504,CA3sr,,126,208,75,11
473,726,DG,,126,208,75,8
474,10703,DG-mo,,126,208,75,11
475,10704,DG-po,,126,208,75,11
476,632,DG-sg,,102,168,61,11
477,10702,DG-sgz,,126,208,75,11
478,734,DGcr,,126,208,75,9
479,742,DGcr-mo,,126,208,75,11
480,751,DGcr-po,,126,208,75,11
481,758,DGcr-sg,,126,208,75,11
482,766,DGlb,,126,208,75,9
483,775,DGlb-mo,,126,208,75,11
484,782,DGlb-po,,126,208,75,11
485,790,DGlb-sg,,126,208,75,11
486,799,DGmb,,126,208,75,9
487,807,DGmb-mo,,126,208,75,11
488,815,DGmb-po,,126,208,75,11
489,823,DGmb-sg,,126,208,75,11
490,982,FC,,126,208,75,8
491,19,IG,,126,208,75,8
492,822,RHP,,50,184,37,6
493,909,ENT,,50,184,37,8
494,918,ENTl,,50,184,37,9
495,1121,ENTl1,,50,184,37,11
496,20,ENTl2,,50,184,37,11
497,999,ENTl2/3,,50,184,37,11
498,715,ENTl2a,,50,184,37,11
499,764,ENTl2b,,50,184,37,11
500,52,ENTl3,,50,184,37,11
501,92,ENTl4,,50,184,37,11
502,312,ENTl4/5,,50,184,37,11
503,139,ENTl5,,50,184,37,11
504,387,ENTl5/6,,50,184,37,11
505,28,ENTl6a,,50,184,37,11
506,60,ENTl6b,,50,184,37,11
507,926,ENTm,,50,184,37,9
508,526,ENTm1,,50,184,37,11
509,543,ENTm2,,50,184,37,11
510,468,ENTm2a,,50,184,37,11
511,508,ENTm2b,,50,184,37,11
512,664,ENTm3,,50,184,37,11
513,712,ENTm4,,50,184,37,11
514,727,ENTm5,,50,184,37,11
515,550,ENTm5/6,,50,184,37,11
516,743,ENTm6,,50,184,37,11
517,934,ENTmv,,50,184,37,9
518,259,ENTmv1,,50,184,37,11
519,324,ENTmv2,,50,184,37,11
520,371,ENTmv3,,50,184,37,11
521,419,ENTmv4,,50,184,37,11
522,1133,ENTmv5/6,,50,184,37,11
523,843,PAR,,114,213,105,8
524,10693,PAR1,,114,213,105,11
525,10694,PAR2,,114,213,105,11
526,10695,PAR3,,114,213,105,11
527,1037,POST,,72,200,60,8
528,10696,POST1,,72,200,60,11
529,10697,POST2,,72,200,60,11
530,10698,POST3,,72,200,60,11
531,1084,PRE,,89,185,71,8
532,10699,PRE1,,89,185,71,11
533,10700,PRE2,,89,185,71,11
534,10701,PRE3,,89,185,71,11
535,502,SUB,,79,194,68,8
536,509,SUBd,,79,194,68,9
537,829,SUBd-m,,79,194,68,11
538,845,SUBd-sp,,75,181,71,11
539,837,SUBd-sr,,79,194,68,11
540,518,SUBv,,79,194,68,9
541,853,SUBv-m,,79,194,68,11
542,870,SUBv-sp,,75,181,71,11
543,861,SUBv-sr,,79,194,68,11
544,484682470,ProS,,88,186,72,8
545,484682475,ProSd,,88,186,72,9
546,484682479,ProSd-m,,88,186,72,11
547,484682483,ProSd-sp,,86,184,75,11
548,484682487,ProSd-sr,,88,186,72,11
549,484682492,ProSv,,88,186,72,9
550,484682496,ProSv-m,,88,186,72,11
551,484682500,ProSv-sp,,86,184,75,11
552,484682504,Prosv-sr,,88,186,72,11
553,589508447,HATA,,51,185,50,8
554,484682508,APr,,51,185,50,8
555,703,CTXsp,,138,218,135,5
556,16,6b,,138,218,135,11
557,583,CLA,,138,218,135,8
558,942,EP,,160,238,157,8
559,952,EPd,,160,238,157,9
560,966,EPv,,160,238,157,9
561,131,LA,,144,235,141,8
562,295,BLA,,157,231,156,8
563,303,BLAa,,157,231,156,9
564,311,BLAp,,157,231,156,9
565,451,BLAv,,157,231,156,9
566,319,BMA,,132,234,129,8
567,327,BMAa,,132,234,129,9
568,334,BMAp,,132,234,129,9
569,780,PA,,151,236,147,8
570,623,CNU,,152,214,249,3
571,477,STR,,152,214,249,5
572,485,STRd,,152,214,249,6
573,672,CP,,152,214,249,8
574,493,STRv,,128,205,248,6
575,56,ACB,,128,205,248,8
576,998,FS,,128,205,248,8
577,754,OT,,128,205,248,8
578,481,isl,,128,205,248,9
579,489,islm,,128,205,248,9
580,144,OT1-3,,128,205,248,11
581,458,OT1,,128,205,248,11
582,465,OT2,,128,205,248,11
583,473,OT3,,128,205,248,11
584,549009199,LSS,,128,205,248,8
585,275,LSX,,144,203,237,6
586,242,LS,,144,203,237,8
587,250,LSc,,144,203,237,9
588,258,LSr,,144,203,237,9
589,266,LSv,,144,203,237,9
590,310,SF,,144,203,237,8
591,333,SH,,144,203,237,8
592,278,sAMY,,128,192,226,6
593,23,AAA,,128,192,226,8
594,292,BA,,128,192,226,8
595,536,CEA,,128,192,226,8
596,544,CEAc,,128,192,226,9
597,551,CEAl,,128,192,226,9
598,559,CEAm,,128,192,226,9
599,1105,IA,,128,192,226,8
600,403,MEA,,128,192,226,8
601,411,MEAad,,128,192,226,9
602,418,MEAav,,128,192,226,9
603,426,MEApd,,128,192,226,9
604,472,MEApd-a,,128,192,226,11
605,480,MEApd-b,,128,192,226,11
606,487,MEApd-c,,128,192,226,11
607,435,MEApv,,128,192,226,9
608,803,PAL,,133,153,204,5
609,818,PALd,,133,153,204,6
610,1022,GPe,,133,153,204,8
611,1031,GPi,,133,153,204,8
612,835,PALv,,162,177,216,6
613,342,SI,,162,177,216,8
614,298,MA,,162,177,216,8
615,826,PALm,,150,167,211,6
616,904,MSC,,150,167,211,8
617,564,MS,,150,167,211,9
618,596,NDB,,150,167,211,9
619,581,TRS,,150,167,211,8
620,809,PALc,,179,192,223,6
621,351,BST,,179,192,223,8
622,359,BSTa,,179,192,223,9
623,537,BSTal,,179,192,223,10
624,498,BSTam,,179,192,223,10
625,505,BSTdm,,179,192,223,10
626,513,BSTfu,,179,192,223,10
627,546,BSTju,,179,192,223,10
628,521,BSTmg,,179,192,223,10
629,554,BSTov,,179,192,223,10
630,562,BSTrh,,179,192,223,10
631,529,BSTv,,179,192,223,10
632,367,BSTp,,179,192,223,9
633,569,BSTd,,179,192,223,10
634,578,BSTpr,,179,192,223,10
635,585,BSTif,,179,192,223,10
636,594,BSTtr,,179,192,223,10
637,602,BSTse,,179,192,223,10
638,287,BAC,,179,192,223,8
639,343,BS,,255,112,128,2
640,1129,IB,,255,112,128,3
641,549,TH,,255,112,128,5
642,864,DORsm,,255,128,132,6
643,637,VENT,,255,128,132,7
644,629,VAL,,255,128,132,8
645,685,VM,,255,128,132,8
646,709,VP,,255,128,132,8
647,718,VPL,,255,128,132,9
648,725,VPLpc,,255,128,132,9
649,733,VPM,,255,128,132,9
650,741,VPMpc,,255,128,132,9
651,563807435,PoT,,255,128,132,8
652,406,SPF,,255,128,132,8
653,414,SPFm,,255,128,132,9
654,422,SPFp,,255,128,132,9
655,609,SPA,,255,128,132,8
656,1044,PP,,255,128,132,8
657,1008,GENd,,255,128,132,7
658,475,MG,,255,128,132,8
659,1072,MGd,,255,128,132,9
660,1079,MGv,,255,128,132,9
661,1088,MGm,,255,128,132,9
662,170,LGd,,255,128,132,8
663,496345664,LGd-sh,,255,128,132,9
664,496345668,LGd-co,,255,128,132,9
665,496345672,LGd-ip,,255,128,132,9
666,856,DORpm,,255,144,159,6
667,138,LAT,,255,144,159,7
668,218,LP,,255,144,159,8
669,1020,PO,,255,144,159,8
670,1029,POL,,255,144,159,8
671,325,SGN,,255,144,159,8
672,560581551,Eth,,255,144,159,8
673,560581555,REth,,255,144,159,8
674,239,ATN,,255,144,159,7
675,255,AV,,255,144,159,8
676,127,AM,,255,144,159,8
677,1096,AMd,,255,144,159,9
678,1104,AMv,,255,144,159,9
679,64,AD,,255,144,159,8
680,1120,IAM,,255,144,159,8
681,1113,IAD,,255,144,159,8
682,155,LD,,255,144,159,8
683,444,MED,,255,144,159,7
684,59,IMD,,255,144,159,8
685,362,MD,,255,144,159,8
686,617,MDc,,255,144,159,9
687,626,MDl,,255,144,159,9
688,636,MDm,,255,144,159,9
689,366,SMT,,255,144,159,8
690,1077,PR,,255,144,159,8
691,571,MTN,,255,144,159,7
692,149,PVT,,255,144,159,8
693,15,PT,,255,144,159,8
694,181,RE,,255,144,159,8
695,560581559,Xi,,255,144,159,8
696,51,ILM,,255,144,159,7
697,189,RH,,255,144,159,8
698,599,CM,,255,144,159,8
699,907,PCN,,255,144,159,8
700,575,CL,,255,144,159,8
701,930,PF,,255,144,159,8
702,560581563,PIL,,255,144,159,8
703,262,RT,,255,144,159,8
704,1014,GENv,,255,144,159,7
705,27,IGL,,255,144,159,8
706,563807439,IntG,,255,144,159,8
707,178,LGv,,255,144,159,8
708,300,LGvl,,255,144,159,9
709,316,LGvm,,255,144,159,9
710,321,SubG,,255,144,159,8
711,958,EPI,,255,144,159,7
712,483,MH,,255,144,159,8
713,186,LH,,255,144,159,8
714,953,PIN,,255,144,159,8
715,1097,HY,,230,68,56,5
716,157,PVZ,,255,93,80,6
717,390,SO,,255,93,80,8
718,332,ASO,,255,93,80,7
719,432,NC,,255,93,80,8
720,38,PVH,,255,93,80,8
721,71,PVHm,,255,93,80,9
722,47,PVHam,,255,93,80,10
723,79,PVHmm,,255,93,80,10
724,103,PVHpm,,255,93,80,10
725,652,PVHpml,,255,93,80,11
726,660,PVHpmm,,255,93,80,11
727,94,PVHp,,255,93,80,9
728,55,PVHap,,255,93,80,10
729,87,PVHmpd,,255,93,80,10
730,110,PVHpv,,255,93,80,10
731,30,PVa,,255,93,80,9
732,118,PVi,,255,93,80,9
733,223,ARH,,255,93,80,8
734,141,PVR,,255,85,71,6
735,72,ADP,,255,85,71,8
736,80,AHA,,255,85,71,8
737,263,AVP,,255,85,71,8
738,272,AVPV,,255,85,71,8
739,830,DMH,,255,85,71,8
740,668,DMHa,,255,85,71,9
741,676,DMHp,,255,85,71,9
742,684,DMHv,,255,85,71,9
743,452,MEPO,,255,85,71,8
744,523,MPO,,255,85,71,8
745,763,OV,,255,85,71,8
746,914,PD,,255,85,71,8
747,1109,PS,,255,85,71,8
748,1124,PSCH,,255,85,71,8
749,126,PVp,,255,85,71,8
750,133,PVpo,,255,85,71,8
751,347,SBPV,,255,85,71,8
752,286,SCH,,255,85,71,8
753,338,SFO,,255,85,71,8
754,576073699,VMPO,,255,85,71,8
755,689,VLPO,,255,85,71,8
756,467,MEZ,,255,76,62,6
757,88,AHN,,255,76,62,8
758,700,AHNa,,255,76,62,9
759,708,AHNc,,255,76,62,9
760,716,AHNd,,255,76,62,9
761,724,AHNp,,255,76,62,9
762,331,MBO,,255,76,62,7
763,210,LM,,255,76,62,8
764,491,MM,,255,76,62,8
765,732,MMme,,255,76,62,9
766,606826647,MMl,,255,76,62,9
767,606826651,MMm,,255,76,62,9
768,606826655,MMp,,255,76,62,9
769,606826659,MMd,,255,76,62,9
770,525,SUM,,255,76,62,8
771,1110,SUMl,,255,76,62,9
772,1118,SUMm,,255,76,62,9
773,557,TM,,255,76,62,8
774,1126,TMd,,255,76,62,9
775,1,TMv,,255,76,62,9
776,515,MPN,,255,76,62,8
777,740,MPNc,,255,76,62,9
778,748,MPNl,,255,76,62,9
779,756,MPNm,,255,76,62,9
780,980,PMd,,255,76,62,8
781,1004,PMv,,255,76,62,8
782,63,PVHd,,255,76,62,8
783,439,PVHdp,,255,76,62,9
784,447,PVHf,,255,76,62,9
785,455,PVHlp,,255,76,62,9
786,464,PVHmpv,,255,76,62,9
787,693,VMH,,255,76,62,8
788,761,VMHa,,255,76,62,9
789,769,VMHc,,255,76,62,9
790,777,VMHdm,,255,76,62,9
791,785,VMHvl,,255,76,62,9
792,946,PH,,255,76,62,8
793,290,LZ,,242,72,59,6
794,194,LHA,,242,72,59,8
795,226,LPO,,242,72,59,8
796,356,PST,,242,72,59,8
797,364,PSTN,,242,72,59,8
798,576073704,PeF,,242,72,59,8
799,173,RCH,,242,72,59,8
800,470,STN,,242,72,59,8
801,614,TU,,242,72,59,8
802,797,ZI,,242,72,59,8
803,796,A13,,242,72,59,9
804,804,FF,,242,72,59,9
805,10671,ME,,242,72,59,8
806,313,MB,,255,100,255,5
807,339,MBsen,,255,122,255,6
808,302,SCs,,255,122,255,8
809,851,SCop,,255,122,255,9
810,842,SCsg,,255,122,255,9
811,834,SCzo,,255,122,255,9
812,4,IC,,255,122,255,8
813,811,ICc,,255,122,255,9
814,820,ICd,,255,122,255,9
815,828,ICe,,255,122,255,9
816,580,NB,,255,122,255,8
817,271,SAG,,255,122,255,8
818,874,PBG,,255,122,255,8
819,460,MEV,,255,122,255,8
820,599626923,SCO,,255,122,255,8
821,323,MBmot,,255,144,255,6
822,381,SNr,,255,144,255,8
823,749,VTA,,255,144,255,8
824,607344830,PN,,255,144,255,8
825,246,RR,,255,144,255,8
826,128,MRN,,255,144,255,8
827,539,MRNm,,255,144,255,9
828,548,MRNmg,,255,144,255,9
829,555,MRNp,,255,144,255,9
830,294,SCm,,255,144,255,8
831,26,SCdg,,255,144,255,9
832,42,SCdw,,255,144,255,9
833,17,SCiw,,255,144,255,9
834,10,SCig,,255,144,255,9
835,494,SCig-a,,255,144,255,10
836,503,SCig-b,,255,144,255,10
837,511,SCig-c,,255,144,255,10
838,795,PAG,,255,144,255,8
839,50,PRC,,255,144,255,9
840,67,INC,,255,144,255,9
841,587,ND,,255,144,255,9
842,614454277,Su3,,255,144,255,9
843,1100,PRT,,255,144,255,8
844,215,APN,,255,144,255,9
845,531,MPT,,255,144,255,9
846,628,NOT,,255,144,255,9
847,634,NPC,,255,144,255,9
848,706,OP,,255,144,255,9
849,1061,PPT,,255,144,255,9
850,549009203,RPF,,255,144,255,9
851,549009207,InCo,,255,144,255,8
852,616,CUN,,255,144,255,8
853,214,RN,,255,144,255,8
854,35,III,,255,144,255,8
855,549009211,MA3,,255,144,255,8
856,975,EW,,255,144,255,8
857,115,IV,,255,144,255,8
858,606826663,Pa4,,255,144,255,8
859,757,VTN,,255,144,255,8
860,231,AT,,255,144,255,8
861,66,LT,,255,144,255,8
862,75,DT,,255,144,255,8
863,58,MT,,255,144,255,8
864,615,SNl,,255,144,255,8
865,348,MBsta,,255,144,255,6
866,374,SNc,,255,166,255,8
867,1052,PPN,,255,166,255,8
868,165,RAmb,,255,166,255,7
869,12,IF,,255,166,255,8
870,100,IPN,,255,166,255,8
871,607344834,IPR,,255,166,255,9
872,607344838,IPC,,255,166,255,9
873,607344842,IPA,,255,166,255,9
874,607344846,IPL,,255,166,255,9
875,607344850,IPI,,255,166,255,9
876,607344854,IPDM,,255,166,255,9
877,607344858,IPDL,,255,166,255,9
878,607344862,IPRL,,255,166,255,9
879,197,RL,,255,166,255,8
880,591,CLI,,255,166,255,8
881,872,DR,,255,166,255,8
882,1065,HB,,255,155,136,3
883,771,P,,255,155,136,5
884,1132,P-sen,,255,174,111,6
885,612,NLL,,255,174,111,8
886,82,NLLd,,255,174,111,9
887,90,NLLh,,255,174,111,9
888,99,NLLv,,255,174,111,9
889,7,PSV,,255,174,111,8
890,867,PB,,255,174,111,8
891,123,KF,,255,174,111,9
892,881,PBl,,255,174,111,9
893,860,PBlc,,255,174,111,10
894,868,PBld,,255,174,111,10
895,875,PBle,,255,174,111,10
896,883,PBls,,255,174,111,10
897,891,PBlv,,255,174,111,10
898,890,PBm,,255,174,111,9
899,899,PBme,,255,174,111,10
900,915,PBmm,,255,174,111,10
901,923,PBmv,,255,174,111,10
902,398,SOC,,255,174,111,8
903,122,POR,,255,174,111,9
904,105,SOCm,,255,174,111,9
905,114,SOCl,,255,174,111,9
906,987,P-mot,,255,186,134,6
907,280,B,,255,186,134,8
908,880,DTN,,255,186,134,8
909,283,LTN,,255,186,134,8
910,599626927,PDTg,,255,186,134,8
911,898,PCG,,255,186,134,8
912,931,PG,,255,186,134,8
913,1093,PRNc,,255,186,134,8
914,552,PRNv,,255,186,134,8
915,318,SG,,255,186,134,8
916,462,SSN,,255,186,134,8
917,534,SUT,,255,186,134,8
918,574,TRN,,255,186,134,8
919,621,V,,255,186,134,8
920,549009215,P5,,255,186,134,8
921,549009219,Acs5,,255,186,134,8
922,549009223,PC5,,255,186,134,8
923,549009227,I5,,255,186,134,8
924,1117,P-sat,,255,195,149,6
925,679,CS,,255,195,149,8
926,137,CSl,,255,195,149,9
927,130,CSm,,255,195,149,9
928,147,LC,,255,195,149,8
929,162,LDT,,255,195,149,8
930,604,NI,,255,195,149,8
931,146,PRNr,,255,195,149,8
932,238,RPO,,255,195,149,8
933,350,SLC,,255,195,149,8
934,358,SLD,,255,195,149,8
935,354,MY,,255,155,205,5
936,386,MY-sen,,255,165,210,6
937,207,AP,,255,165,210,8
938,607,CN,,255,165,210,7
939,112,CNlam,,255,165,210,8
940,560,CNspg,,255,165,210,8
941,96,DCO,,255,165,210,8
942,101,VCO,,255,165,210,8
943,720,DCN,,255,165,210,7
944,711,CU,,255,165,210,8
945,1039,GR,,255,165,210,8
946,903,ECU,,255,165,210,8
947,642,NTB,,255,165,210,8
948,651,NTS,,255,165,210,8
949,659,NTSce,,255,165,210,9
950,666,NTSco,,255,165,210,9
951,674,NTSge,,255,165,210,9
952,682,NTSl,,255,165,210,9
953,691,NTSm,,255,165,210,9
954,429,SPVC,,255,165,210,9
955,437,SPVI,,255,165,210,9
956,445,SPVO,,255,165,210,9
957,77,SPVOcdm,,255,165,210,10
958,53,SPVOmdmd,,255,165,210,10
959,61,SPVOmdmv,,255,165,210,10
960,45,SPVOrdm,,255,165,210,10
961,69,SPVOvl,,255,165,210,10
962,589508451,Pa5,,255,165,210,8
963,789,z,,255,165,210,8
964,370,MY-mot,,255,179,217,6
965,653,VI,,255,179,217,8
966,568,ACVI,,255,179,217,8
967,661,VII,,255,179,217,8
968,576,ACVII,,255,179,217,8
969,640,EV,,255,179,217,8
970,135,AMB,,255,179,217,8
971,939,AMBd,,255,179,217,9
972,143,AMBv,,255,179,217,9
973,839,DMX,,255,179,217,8
974,887,ECO,,255,179,217,8
975,1048,GRN,,255,179,217,8
976,372,ICB,,255,179,217,8
977,83,IO,,255,179,217,8
978,136,IRN,,255,179,217,8
979,106,ISN,,255,179,217,8
980,203,LIN,,255,179,217,8
981,235,LRN,,255,179,217,8
982,955,LRNm,,255,179,217,9
983,963,LRNp,,255,179,217,9
984,307,MARN,,255,179,217,8
985,395,MDRN,,255,179,217,8
986,1098,MDRNd,,255,179,217,9
987,1107,MDRNv,,255,179,217,9
988,852,PARN,,255,179,217,8
989,859,PAS,,255,179,217,8
990,938,PGRN,,255,179,217,8
991,970,PGRNd,,255,179,217,9
992,978,PGRNl,,255,179,217,9
993,154,PHY,,255,179,217,7
994,161,NIS,,255,179,217,8
995,177,NR,,255,179,217,8
996,169,PRP,,255,179,217,8
997,995,PMR,,255,179,217,8
998,1069,PPY,,255,179,217,8
999,185,PPYd,,255,179,217,9
1000,193,PPYs,,255,179,217,9
1001,701,VNC,,255,179,217,7
1002,209,LAV,,255,179,217,8
1003,202,MV,,255,179,217,8
1004,225,SPIV,,255,179,217,8
1005,217,SUV,,255,179,217,8
1006,765,x,,255,179,217,8
1007,773,XII,,255,179,217,8
1008,781,y,,255,179,217,8
1009,76,INV,,255,179,217,8
1010,379,MY-sat,,255,198,226,6
1011,206,RM,,255,198,226,8
1012,230,RPA,,255,198,226,8
1013,222,RO,,255,198,226,8
1014,512,CB,,240,240,128,2
1015,528,CBX,,240,240,128,5
1016,1144,CBXmo,,255,252,145,11
1017,1145,CBXpu,,255,252,145,11
1018,1143,CBXgr,,236,231,84,11
1019,645,VERM,,255,252,145,6
1020,912,LING,,255,252,145,8
1021,10707,LINGmo,,255,252,145,11
1022,10706,LINGpu,,255,252,145,11
1023,10705,LINGgr,,236,231,84,11
1024,920,CENT,,255,252,145,7
1025,976,CENT2,,255,252,145,8
1026,10710,CENT2mo,,255,252,145,11
1027,10709,CENT2pu,,255,252,145,11
1028,10708,CENT2gr,,236,231,84,11
1029,984,CENT3,,255,252,145,8
1030,10713,CENT3mo,,255,252,145,11
1031,10712,CENT3pu,,255,252,145,11
1032,10711,CENT3gr,,236,231,84,11
1033,928,CUL,,255,252,145,7
1034,992,CUL4,,255,252,145,8
1035,10716,CUL4mo,,255,252,145,11
1036,10715,CUL4pu,,255,252,145,11
1037,10714,CUL4gr,,236,231,84,11
1038,1001,CUL5,,255,252,145,8
1039,10719,CUL5mo,,255,252,145,11
1040,10718,CUL5pu,,255,252,145,11
1041,10717,CUL5gr,,236,231,84,11
1042,1091,"CUL4, 5",,255,252,145,8
1043,10722,"CUL4, 5mo",,255,252,145,11
1044,10721,"CUL4, 5pu",,255,252,145,11
1045,10720,"CUL4, 5gr",,236,231,84,11
1046,936,DEC,,255,252,145,8
1047,10725,DECmo,,255,252,145,11
1048,10724,DECpu,,255,252,145,11
1049,10723,DECgr,,236,231,84,11
1050,944,FOTU,,255,252,145,8
1051,10728,FOTUmo,,255,252,145,11
1052,10727,FOTUpu,,255,252,145,11
1053,10726,FOTUgr,,236,231,84,11
1054,951,PYR,,255,252,145,8
1055,10731,PYRmo,,255,252,145,11
1056,10730,PYRpu,,255,252,145,11
1057,10729,PYRgr,,236,231,84,11
1058,957,UVU,,255,252,145,8
1059,10734,UVUmo,,255,252,145,11
1060,10733,UVUpu,,255,252,145,11
1061,10732,UVUgr,,236,231,84,11
1062,968,NOD,,255,252,145,8
1063,10737,NODmo,,255,252,145,11
1064,10736,NODpu,,255,252,145,11
1065,10735,NODgr,,236,231,84,11
1066,1073,HEM,,255,252,145,6
1067,1007,SIM,,255,252,145,8
1068,10674,SIMmo,,255,252,145,11
1069,10673,SIMpu,,255,252,145,11
1070,10672,SIMgr,,236,231,84,11
1071,1017,AN,,255,252,145,7
1072,1056,ANcr1,,255,252,145,8
1073,10677,ANcr1mo,,255,252,145,11
1074,10676,ANcr1pu,,255,252,145,11
1075,10675,ANcr1gr,,236,231,84,11
1076,1064,ANcr2,,255,252,145,8
1077,10680,ANcr2mo,,255,252,145,11
1078,10679,ANcr2pu,,255,252,145,11
1079,10678,ANcr2gr,,236,231,84,11
1080,1025,PRM,,255,252,145,8
1081,10683,PRMmo,,255,252,145,11
1082,10682,PRMpu,,255,252,145,11
1083,10681,PRMgr,,236,231,84,11
1084,1033,COPY,,255,252,145,8
1085,10686,COPYmo,,255,252,145,11
1086,10685,COPYpu,,255,252,145,11
1087,10684,COPYgr,,236,231,84,11
1088,1041,PFL,,255,252,145,8
1089,10689,PFLmo,,255,252,145,11
1090,10688,PFLpu,,255,252,145,11
1091,10687,PFLgr,,236,231,84,11
1092,1049,FL,,255,252,145,8
1093,10692,FLmo,,255,252,145,11
1094,10691,FLpu,,255,252,145,11
1095,10690,FLgr,,236,231,84,11
1096,519,CBN,,240,240,128,5
1097,989,FN,,255,253,188,8
1098,91,IP,,255,253,188,8
1099,846,DN,,255,253,188,8
1100,589508455,VeCB,,255,253,188,8
1101,1009,fiber tracts,,204,204,204,1
1102,967,cm,,204,204,204,2
1103,885,tn,,204,204,204,8
1104,949,von,,204,204,204,8
1105,840,In,,204,204,204,8
1106,1016,onl,,204,204,204,9
1107,21,lotg,,204,204,204,9
1108,665,lot,,204,204,204,10
1109,538,lotd,,204,204,204,10
1110,459,aolt,,204,204,204,10
1111,900,aco,,204,204,204,9
1112,848,IIn,,204,204,204,8
1113,876,aot,,204,204,204,9
1114,916,bsc,,204,204,204,9
1115,336,csc,,204,204,204,9
1116,117,och,,204,204,204,9
1117,125,opt,,204,204,204,9
1118,357,ttp,,204,204,204,9
1119,832,IIIn,,204,204,204,8
1120,62,mlf,,204,204,204,9
1121,158,pc,,204,204,204,9
1122,911,IVn,,204,204,204,8
1123,384,IVd,,204,204,204,9
1124,710,VIn,,204,204,204,8
1125,901,Vn,,204,204,204,8
1126,93,moV,,204,204,204,9
1127,229,sV,,204,204,204,9
1128,705,mtV,,204,204,204,10
1129,794,sptV,,204,204,204,10
1130,798,VIIn,,204,204,204,8
1131,1131,iVIIn,,204,204,204,9
1132,1116,gVIIn,,204,204,204,9
1133,933,VIIIn,,204,204,204,8
1134,1076,cvb,,204,204,204,9
1135,413,vVIIIn,,204,204,204,9
1136,948,cVIIIn,,204,204,204,9
1137,841,tb,,204,204,204,10
1138,641,ias,,204,204,204,10
1139,506,das,,204,204,204,10
1140,658,ll,,204,204,204,10
1141,633,cic,,204,204,204,10
1142,482,bic,,204,204,204,10
1143,808,IXn,,204,204,204,8
1144,917,Xn,,204,204,204,8
1145,237,ts,,204,204,204,9
1146,717,XIn,,204,204,204,8
1147,813,XIIn,,204,204,204,8
1148,925,vrt,,204,204,204,7
1149,792,drt,,204,204,204,7
1150,932,cett,,204,204,204,8
1151,570,dl,,204,204,204,9
1152,522,dcm,,204,204,204,9
1153,858,vc,,204,204,204,9
1154,586,fpr,,204,204,204,9
1155,514,dc,,204,204,204,9
1156,380,cuf,,204,204,204,10
1157,388,grf,,204,204,204,10
1158,396,iaf,,204,204,204,10
1159,697,ml,,204,204,204,9
1160,871,sst,,204,204,204,8
1161,29,sttl,,204,204,204,9
1162,389,sttv,,204,204,204,9
1163,245,scrt,,204,204,204,9
1164,261,sop,,204,204,204,9
1165,270,srp,,204,204,204,9
1166,293,svp,,204,204,204,9
1167,277,stp,,204,204,204,9
1168,253,shp,,204,204,204,9
1169,285,step,,204,204,204,9
1170,627,hht,,204,204,204,10
1171,960,cbf,,204,204,204,2
1172,744,cbc,,204,204,204,8
1173,752,cbp,,204,204,204,7
1174,326,scp,,204,204,204,8
1175,812,dscp,,204,204,204,9
1176,85,sct,,204,204,204,10
1177,850,uf,,204,204,204,9
1178,866,sctv,,204,204,204,9
1179,78,mcp,,204,204,204,8
1180,1123,icp,,204,204,204,8
1181,553,sctd,,204,204,204,9
1182,499,cct,,204,204,204,9
1183,650,jrb,,204,204,204,9
1184,490,bct,,204,204,204,9
1185,404,oct,,204,204,204,10
1186,410,rct,,204,204,204,10
1187,373,tct,,204,204,204,8
1188,728,arb,,204,204,204,8
1189,484682512,scwm,,204,204,204,2
1190,983,lfbs,,204,204,204,2
1191,776,cc,,204,204,204,8
1192,956,fa,,204,204,204,9
1193,579,ec,,204,204,204,10
1194,964,ee,,204,204,204,9
1195,1108,ccg,,204,204,204,9
1196,971,fp,,204,204,204,9
1197,979,ccr,,204,204,204,9
1198,484682516,ccb,,204,204,204,9
1199,986,ccs,,204,204,204,9
1200,784,cst,,204,204,204,8
1201,6,int,,204,204,204,9
1202,924,cpd,,204,204,204,9
1203,1036,cte,,204,204,204,9
1204,1012,crt,,204,204,204,9
1205,1003,cpt,,204,204,204,9
1206,994,cbt,,204,204,204,9
1207,190,py,,204,204,204,9
1208,198,pyd,,204,204,204,9
1209,1019,cstc,,204,204,204,9
1210,1028,cstu,,204,204,204,9
1211,896,lfbst,,204,204,204,7
1212,1092,em,,204,204,204,8
1213,14,im,,204,204,204,8
1214,86,mtc,,204,204,204,8
1215,365,tp,,204,204,204,8
1216,484682520,or,,204,204,204,8
1217,484682524,ar,,204,204,204,8
1218,1000,eps,,204,204,204,2
1219,760,epsc,,204,204,204,7
1220,142,pap,,204,204,204,8
1221,102,nst,,204,204,204,8
1222,109,ntt,,204,204,204,8
1223,134,ptf,,204,204,204,8
1224,309,snp,,204,204,204,8
1225,317,stf,,204,204,204,8
1226,877,tsp,,204,204,204,8
1227,1051,tspd,,204,204,204,9
1228,1060,dtd,,204,204,204,9
1229,1043,tspc,,204,204,204,9
1230,863,rust,,204,204,204,8
1231,397,vtd,,204,204,204,9
1232,221,rrt,,204,204,204,9
1233,736,ctb,,204,204,204,8
1234,855,rst,,204,204,204,8
1235,205,rstl,,204,204,204,9
1236,213,rstm,,204,204,204,9
1237,941,vsp,,204,204,204,8
1238,991,mfbs,,204,204,204,2
1239,768,mfbc,,204,204,204,7
1240,884,amc,,204,204,204,8
1241,892,apd,,204,204,204,8
1242,908,act,,204,204,204,8
1243,940,cing,,204,204,204,8
1244,1099,fxs,,204,204,204,8
1245,466,alv,,204,204,204,9
1246,530,df,,204,204,204,9
1247,603,fi,,204,204,204,9
1248,745,fxprg,,204,204,204,9
1249,420,db,,204,204,204,10
1250,737,fxpo,,204,204,204,9
1251,428,mct,,204,204,204,10
1252,436,fx,,204,204,204,10
1253,618,hc,,204,204,204,9
1254,443,dhc,,204,204,204,10
1255,449,vhc,,204,204,204,10
1256,713,per,,204,204,204,9
1257,474,ab,,204,204,204,9
1258,37,lab,,204,204,204,8
1259,301,st,,204,204,204,8
1260,484682528,stc,,204,204,204,9
1261,824,mfsbshy,,204,204,204,7
1262,54,mfb,,204,204,204,8
1263,405,vlt,,204,204,204,8
1264,174,poc,,204,204,204,8
1265,349,sup,,204,204,204,8
1266,817,supa,,204,204,204,9
1267,825,supd,,204,204,204,9
1268,833,supv,,204,204,204,9
1269,166,pmx,,204,204,204,8
1270,341,smd,,204,204,204,8
1271,182,php,,204,204,204,8
1272,762,phpd,,204,204,204,9
1273,770,phpl,,204,204,204,9
1274,779,phpm,,204,204,204,9
1275,787,phpv,,204,204,204,9
1276,150,pvbh,,204,204,204,8
1277,46,mfbsma,,204,204,204,8
1278,753,pm,,204,204,204,9
1279,690,mtt,,204,204,204,9
1280,681,mtg,,204,204,204,9
1281,673,mp,,204,204,204,9
1282,1068,mfbst,,204,204,204,8
1283,722,pvbt,,204,204,204,9
1284,1083,mfbse,,204,204,204,8
1285,802,sm,,204,204,204,9
1286,595,fr,,204,204,204,9
1287,611,hbc,,204,204,204,9
1288,730,PIS,,204,204,204,9
1289,70,mfbsm,,204,204,204,8
1290,547,dlf,,204,204,204,9
1291,563,dtt,,204,204,204,9
1292,73,VS,,170,170,170,1
1293,81,VL,,170,170,170,8
1294,89,RC,,170,170,170,9
1295,98,SEZ,,170,170,170,9
1296,108,chpl,,170,170,170,9
1297,116,chfl,,170,170,170,9
1298,124,IVF,,170,170,170,8
1299,129,V3,,170,170,170,8
1300,140,AQ,,170,170,170,8
1301,145,V4,,170,170,170,8
1302,153,V4r,,170,170,170,9
1303,164,c,,170,170,170,8
1304,1024,grv,,170,170,170,1
1305,1032,grv of CTX,,170,170,170,7
1306,1055,eg,,170,170,170,8
1307,1063,hf,,170,170,170,8
1308,1071,rf,,170,170,170,8
1309,1078,ri,,170,170,170,8
1310,1040,grv of CBX,,170,170,170,7
1311,1087,pce,,170,170,170,8
1312,1095,pcf,,170,170,170,8
1313,1103,pri,,170,170,170,8
1314,1112,psf,,170,170,170,8
1315,1119,ppf,,170,170,170,8
1316,3,sec,,170,170,170,8
1317,11,plf,,170,170,170,8
1318,18,nf,,170,170,170,8
1319,25,sif,,170,170,170,8
1320,34,icf,,170,170,170,8
1321,43,apf,,170,170,170,8
1322,49,ipf,,170,170,170,8
1323,57,pms,,170,170,170,8
1324,65,pfs,,170,170,170,8
1325,624,IPF,,170,170,170,7
1326,304325711,retina,,127,46,126,1
